CPUPerc,MemUsage,NetIO,BlockIO
0.00%,1.184MiB / 1GiB,8.87TB / 8.87TB,1.16MB / 4.1kB
0.00%,1.184MiB / 1GiB,8.87TB / 8.87TB,1.16MB / 4.1kB
0.00%,1.184MiB / 1GiB,8.87TB / 8.87TB,1.16MB / 4.1kB
0.00%,1.184MiB / 1GiB,8.87TB / 8.87TB,1.16MB / 4.1kB
0.00%,1.184MiB / 1GiB,8.87TB / 8.87TB,1.16MB / 4.1kB
0.00%,1.184MiB / 1GiB,8.87TB / 8.87TB,1.16MB / 4.1kB
0.00%,1.184MiB / 1GiB,8.87TB / 8.87TB,1.16MB / 4.1kB
0.00%,1.184MiB / 1GiB,8.87TB / 8.87TB,1.16MB / 4.1kB
0.00%,1.184MiB / 1GiB,8.87TB / 8.87TB,1.16MB / 4.1kB
0.00%,1.184MiB / 1GiB,8.87TB / 8.87TB,1.16MB / 4.1kB
0.00%,1.184MiB / 1GiB,8.87TB / 8.87TB,1.16MB / 4.1kB
0.00%,1.184MiB / 1GiB,8.87TB / 8.87TB,1.16MB / 4.1kB
0.00%,1.184MiB / 1GiB,8.87TB / 8.87TB,1.16MB / 4.1kB
0.00%,1.184MiB / 1GiB,8.87TB / 8.87TB,1.16MB / 4.1kB
0.00%,1.184MiB / 1GiB,8.87TB / 8.87TB,1.16MB / 4.1kB
0.00%,1.184MiB / 1GiB,8.87TB / 8.87TB,1.16MB / 4.1kB
0.00%,1.184MiB / 1GiB,8.87TB / 8.87TB,1.16MB / 4.1kB
0.00%,1.184MiB / 1GiB,8.87TB / 8.87TB,1.16MB / 4.1kB
0.00%,1.184MiB / 1GiB,8.87TB / 8.87TB,1.16MB / 4.1kB
0.00%,1.184MiB / 1GiB,8.87TB / 8.87TB,1.16MB / 4.1kB
0.00%,1.184MiB / 1GiB,8.87TB / 8.87TB,1.16MB / 4.1kB
0.00%,1.184MiB / 1GiB,8.87TB / 8.87TB,1.16MB / 4.1kB
0.00%,1.184MiB / 1GiB,8.87TB / 8.87TB,1.16MB / 4.1kB
0.00%,1.184MiB / 1GiB,8.87TB / 8.87TB,1.16MB / 4.1kB
0.00%,1.184MiB / 1GiB,8.87TB / 8.87TB,1.16MB / 4.1kB
0.00%,1.184MiB / 1GiB,8.87TB / 8.87TB,1.16MB / 4.1kB
0.00%,1.184MiB / 1GiB,8.87TB / 8.87TB,1.16MB / 4.1kB
0.00%,1.184MiB / 1GiB,8.87TB / 8.87TB,1.16MB / 4.1kB
0.00%,1.184MiB / 1GiB,8.87TB / 8.87TB,1.16MB / 4.1kB
0.00%,1.184MiB / 1GiB,8.87TB / 8.87TB,1.16MB / 4.1kB
0.00%,1.184MiB / 1GiB,8.87TB / 8.87TB,1.16MB / 4.1kB
0.00%,1.184MiB / 1GiB,8.87TB / 8.87TB,1.16MB / 4.1kB
0.00%,1.184MiB / 1GiB,8.87TB / 8.87TB,1.16MB / 4.1kB
0.00%,1.184MiB / 1GiB,8.87TB / 8.87TB,1.16MB / 4.1kB
0.00%,1.184MiB / 1GiB,8.87TB / 8.87TB,1.16MB / 4.1kB
0.00%,1.184MiB / 1GiB,8.87TB / 8.87TB,1.16MB / 4.1kB
0.00%,1.184MiB / 1GiB,8.87TB / 8.87TB,1.16MB / 4.1kB
0.00%,1.184MiB / 1GiB,8.87TB / 8.87TB,1.16MB / 4.1kB
0.00%,1.184MiB / 1GiB,8.87TB / 8.87TB,1.16MB / 4.1kB
0.00%,1.184MiB / 1GiB,8.87TB / 8.87TB,1.16MB / 4.1kB
0.00%,1.184MiB / 1GiB,8.87TB / 8.87TB,1.16MB / 4.1kB
0.00%,1.184MiB / 1GiB,8.87TB / 8.87TB,1.16MB / 4.1kB
0.00%,1.184MiB / 1GiB,8.87TB / 8.87TB,1.16MB / 4.1kB
0.00%,1.184MiB / 1GiB,8.87TB / 8.87TB,1.16MB / 4.1kB
0.00%,1.184MiB / 1GiB,8.87TB / 8.87TB,1.16MB / 4.1kB
0.00%,1.184MiB / 1GiB,8.87TB / 8.87TB,1.16MB / 4.1kB
0.00%,1.184MiB / 1GiB,8.87TB / 8.87TB,1.16MB / 4.1kB
0.00%,1.184MiB / 1GiB,8.88TB / 8.88TB,1.16MB / 4.1kB
0.00%,1.184MiB / 1GiB,8.88TB / 8.88TB,1.16MB / 4.1kB
0.00%,1.184MiB / 1GiB,8.88TB / 8.88TB,1.16MB / 4.1kB
0.00%,1.184MiB / 1GiB,8.88TB / 8.88TB,1.16MB / 4.1kB
0.00%,1.184MiB / 1GiB,8.88TB / 8.88TB,1.16MB / 4.1kB
0.00%,1.184MiB / 1GiB,8.88TB / 8.88TB,1.16MB / 4.1kB
0.00%,1.184MiB / 1GiB,8.88TB / 8.88TB,1.16MB / 4.1kB
0.00%,1.184MiB / 1GiB,8.88TB / 8.88TB,1.16MB / 4.1kB
0.00%,1.184MiB / 1GiB,8.88TB / 8.88TB,1.16MB / 4.1kB
0.00%,1.184MiB / 1GiB,8.88TB / 8.88TB,1.16MB / 4.1kB
0.00%,1.184MiB / 1GiB,8.88TB / 8.88TB,1.16MB / 4.1kB
0.00%,1.184MiB / 1GiB,8.88TB / 8.88TB,1.16MB / 4.1kB
0.00%,1.184MiB / 1GiB,8.88TB / 8.88TB,1.16MB / 4.1kB
0.00%,1.184MiB / 1GiB,8.88TB / 8.88TB,1.16MB / 4.1kB
0.00%,1.184MiB / 1GiB,8.88TB / 8.88TB,1.16MB / 4.1kB
0.00%,1.184MiB / 1GiB,8.88TB / 8.88TB,1.16MB / 4.1kB
0.00%,1.184MiB / 1GiB,8.88TB / 8.88TB,1.16MB / 4.1kB
0.00%,1.184MiB / 1GiB,8.88TB / 8.88TB,1.16MB / 4.1kB
0.00%,1.184MiB / 1GiB,8.88TB / 8.88TB,1.16MB / 4.1kB
0.00%,1.184MiB / 1GiB,8.88TB / 8.88TB,1.16MB / 4.1kB
0.00%,1.184MiB / 1GiB,8.88TB / 8.88TB,1.16MB / 4.1kB
0.00%,1.184MiB / 1GiB,8.88TB / 8.88TB,1.16MB / 4.1kB
0.00%,1.184MiB / 1GiB,8.88TB / 8.88TB,1.16MB / 4.1kB
0.00%,1.184MiB / 1GiB,8.88TB / 8.88TB,1.16MB / 4.1kB
0.00%,1.184MiB / 1GiB,8.88TB / 8.88TB,1.16MB / 4.1kB
0.00%,1.184MiB / 1GiB,8.88TB / 8.88TB,1.16MB / 4.1kB
0.00%,1.184MiB / 1GiB,8.88TB / 8.88TB,1.16MB / 4.1kB
0.00%,1.184MiB / 1GiB,8.88TB / 8.88TB,1.16MB / 4.1kB
0.00%,1.184MiB / 1GiB,8.88TB / 8.88TB,1.16MB / 4.1kB
0.00%,1.184MiB / 1GiB,8.88TB / 8.88TB,1.16MB / 4.1kB
0.00%,1.184MiB / 1GiB,8.88TB / 8.88TB,1.16MB / 4.1kB
0.00%,1.184MiB / 1GiB,8.88TB / 8.88TB,1.16MB / 4.1kB
0.00%,1.184MiB / 1GiB,8.88TB / 8.88TB,1.16MB / 4.1kB
0.00%,1.184MiB / 1GiB,8.88TB / 8.88TB,1.16MB / 4.1kB
0.00%,1.184MiB / 1GiB,8.88TB / 8.88TB,1.16MB / 4.1kB
0.00%,1.184MiB / 1GiB,8.88TB / 8.88TB,1.16MB / 4.1kB
0.00%,1.184MiB / 1GiB,8.88TB / 8.88TB,1.16MB / 4.1kB
0.00%,1.184MiB / 1GiB,8.88TB / 8.88TB,1.16MB / 4.1kB
0.00%,1.184MiB / 1GiB,8.88TB / 8.88TB,1.16MB / 4.1kB
0.00%,1.184MiB / 1GiB,8.88TB / 8.88TB,1.16MB / 4.1kB
0.00%,1.184MiB / 1GiB,8.88TB / 8.88TB,1.16MB / 4.1kB
0.00%,1.184MiB / 1GiB,8.88TB / 8.88TB,1.16MB / 4.1kB
0.00%,1.184MiB / 1GiB,8.88TB / 8.88TB,1.16MB / 4.1kB
0.00%,1.184MiB / 1GiB,8.88TB / 8.88TB,1.16MB / 4.1kB
0.00%,1.184MiB / 1GiB,8.88TB / 8.88TB,1.16MB / 4.1kB
0.00%,1.184MiB / 1GiB,8.88TB / 8.88TB,1.16MB / 4.1kB
0.00%,1.184MiB / 1GiB,8.88TB / 8.88TB,1.16MB / 4.1kB
0.00%,1.184MiB / 1GiB,8.88TB / 8.88TB,1.16MB / 4.1kB
0.00%,1.184MiB / 1GiB,8.88TB / 8.88TB,1.16MB / 4.1kB
0.00%,1.184MiB / 1GiB,8.88TB / 8.88TB,1.16MB / 4.1kB
0.00%,1.184MiB / 1GiB,8.88TB / 8.88TB,1.16MB / 4.1kB
0.00%,1.184MiB / 1GiB,8.88TB / 8.88TB,1.16MB / 4.1kB
0.00%,1.184MiB / 1GiB,8.88TB / 8.88TB,1.16MB / 4.1kB
0.00%,1.184MiB / 1GiB,8.88TB / 8.88TB,1.16MB / 4.1kB
0.00%,1.184MiB / 1GiB,8.88TB / 8.88TB,1.16MB / 4.1kB
0.00%,1.184MiB / 1GiB,8.88TB / 8.88TB,1.16MB / 4.1kB
0.00%,1.184MiB / 1GiB,8.88TB / 8.88TB,1.16MB / 4.1kB
0.00%,1.184MiB / 1GiB,8.88TB / 8.88TB,1.16MB / 4.1kB
0.00%,1.184MiB / 1GiB,8.88TB / 8.88TB,1.16MB / 4.1kB
0.00%,1.184MiB / 1GiB,8.88TB / 8.88TB,1.16MB / 4.1kB
0.00%,1.184MiB / 1GiB,8.88TB / 8.88TB,1.16MB / 4.1kB
0.00%,1.184MiB / 1GiB,8.88TB / 8.88TB,1.16MB / 4.1kB
0.00%,1.184MiB / 1GiB,8.88TB / 8.88TB,1.16MB / 4.1kB
0.00%,1.184MiB / 1GiB,8.88TB / 8.88TB,1.16MB / 4.1kB
0.00%,1.184MiB / 1GiB,8.88TB / 8.88TB,1.16MB / 4.1kB
0.00%,1.184MiB / 1GiB,8.88TB / 8.88TB,1.16MB / 4.1kB
0.00%,1.184MiB / 1GiB,8.88TB / 8.88TB,1.16MB / 4.1kB
0.00%,1.184MiB / 1GiB,8.88TB / 8.88TB,1.16MB / 4.1kB
0.00%,1.184MiB / 1GiB,8.88TB / 8.88TB,1.16MB / 4.1kB
0.00%,1.184MiB / 1GiB,8.88TB / 8.88TB,1.16MB / 4.1kB
0.00%,1.184MiB / 1GiB,8.88TB / 8.88TB,1.16MB / 4.1kB
0.00%,1.184MiB / 1GiB,8.88TB / 8.88TB,1.16MB / 4.1kB
0.00%,1.184MiB / 1GiB,8.88TB / 8.88TB,1.16MB / 4.1kB
0.00%,1.184MiB / 1GiB,8.88TB / 8.88TB,1.16MB / 4.1kB
0.00%,1.184MiB / 1GiB,8.88TB / 8.88TB,1.16MB / 4.1kB
0.00%,1.184MiB / 1GiB,8.88TB / 8.88TB,1.16MB / 4.1kB
0.00%,1.184MiB / 1GiB,8.88TB / 8.88TB,1.16MB / 4.1kB
0.00%,1.184MiB / 1GiB,8.88TB / 8.88TB,1.16MB / 4.1kB
0.00%,1.184MiB / 1GiB,8.88TB / 8.88TB,1.16MB / 4.1kB
0.00%,1.184MiB / 1GiB,8.88TB / 8.88TB,1.16MB / 4.1kB
0.00%,1.184MiB / 1GiB,8.88TB / 8.88TB,1.16MB / 4.1kB
0.00%,1.184MiB / 1GiB,8.88TB / 8.88TB,1.16MB / 4.1kB
0.00%,1.184MiB / 1GiB,8.88TB / 8.88TB,1.16MB / 4.1kB
0.00%,1.184MiB / 1GiB,8.88TB / 8.88TB,1.16MB / 4.1kB
0.00%,1.184MiB / 1GiB,8.88TB / 8.88TB,1.16MB / 4.1kB
0.00%,1.184MiB / 1GiB,8.88TB / 8.88TB,1.16MB / 4.1kB
0.00%,1.184MiB / 1GiB,8.88TB / 8.88TB,1.16MB / 4.1kB
0.00%,1.184MiB / 1GiB,8.88TB / 8.88TB,1.16MB / 4.1kB
0.00%,1.184MiB / 1GiB,8.88TB / 8.88TB,1.16MB / 4.1kB
0.00%,1.184MiB / 1GiB,8.88TB / 8.88TB,1.16MB / 4.1kB
0.00%,1.184MiB / 1GiB,8.88TB / 8.88TB,1.16MB / 4.1kB
0.00%,1.184MiB / 1GiB,8.88TB / 8.88TB,1.16MB / 4.1kB
0.00%,1.184MiB / 1GiB,8.88TB / 8.88TB,1.16MB / 4.1kB
0.00%,1.184MiB / 1GiB,8.88TB / 8.88TB,1.16MB / 4.1kB
0.00%,1.184MiB / 1GiB,8.88TB / 8.88TB,1.16MB / 4.1kB
0.00%,1.184MiB / 1GiB,8.88TB / 8.88TB,1.16MB / 4.1kB
0.00%,1.184MiB / 1GiB,8.88TB / 8.88TB,1.16MB / 4.1kB
0.00%,1.184MiB / 1GiB,8.88TB / 8.88TB,1.16MB / 4.1kB
0.00%,1.184MiB / 1GiB,8.88TB / 8.88TB,1.16MB / 4.1kB
0.00%,1.184MiB / 1GiB,8.88TB / 8.88TB,1.16MB / 4.1kB
0.00%,1.184MiB / 1GiB,8.88TB / 8.88TB,1.16MB / 4.1kB
0.00%,1.184MiB / 1GiB,8.88TB / 8.88TB,1.16MB / 4.1kB
0.00%,1.184MiB / 1GiB,8.88TB / 8.88TB,1.16MB / 4.1kB
0.00%,1.184MiB / 1GiB,8.88TB / 8.88TB,1.16MB / 4.1kB
0.00%,1.184MiB / 1GiB,8.88TB / 8.88TB,1.16MB / 4.1kB
0.00%,1.184MiB / 1GiB,8.88TB / 8.88TB,1.16MB / 4.1kB
0.00%,1.184MiB / 1GiB,8.88TB / 8.88TB,1.16MB / 4.1kB
0.00%,1.184MiB / 1GiB,8.88TB / 8.88TB,1.16MB / 4.1kB
0.00%,1.184MiB / 1GiB,8.88TB / 8.88TB,1.16MB / 4.1kB
0.00%,1.184MiB / 1GiB,8.88TB / 8.88TB,1.16MB / 4.1kB
0.00%,1.184MiB / 1GiB,8.88TB / 8.88TB,1.16MB / 4.1kB
